{
    "serial_number": "27BW007#051",
    "segments": {
        "0": {
            "piston": 0,
            "tip": 0.0,
            "tilt": 0
        },
        "1": {
            "piston": -10,
            "tip": 2e-05,
            "tilt": 0
        },
        "2": {
            "piston": -20,
            "tip": 4e-05,
            "tilt": 0
        },
        "3": {
            "piston": -30,
            "tip": 6e-05,
            "tilt": 0
        },
        "4": {
            "piston": -40,
            "tip": 8e-05,
            "tilt": 0
        },
        "5": {
            "piston": -50,
            "tip": 0.0001,
            "tilt": 0
        },
        "6": {
            "piston": -60,
            "tip": 0.00012,
            "tilt": 0
        },
        "7": {
            "piston": -70,
            "tip": 0.00014000000000000001,
            "tilt": 0
        },
        "8": {
            "piston": -80,
            "tip": 0.00016,
            "tilt": 0
        },
        "9": {
            "piston": -90,
            "tip": 0.00018,
            "tilt": 0
        },
        "10": {
            "piston": -100,
            "tip": 0.0002,
            "tilt": 0
        },
        "11": {
            "piston": -110,
            "tip": 0.00021999999999999998,
            "tilt": 0
        },
        "12": {
            "piston": -120,
            "tip": 0.00024,
            "tilt": 0
        },
        "13": {
            "piston": -130,
            "tip": 0.00026000000000000003,
            "tilt": 0
        },
        "14": {
            "piston": -140,
            "tip": 0.00028000000000000003,
            "tilt": 0
        },
        "15": {
            "piston": -150,
            "tip": 0.0003,
            "tilt": 0
        },
        "16": {
            "piston": -160,
            "tip": 0.00032,
            "tilt": 0
        },
        "17": {
            "piston": -170,
            "tip": 0.00034,
            "tilt": 0
        },
        "18": {
            "piston": -180,
            "tip": 0.00036,
            "tilt": 0
        },
        "19": {
            "piston": -190,
            "tip": 0.00037999999999999997,
            "tilt": 0
        },
        "20": {
            "piston": -200,
            "tip": 0.0004,
            "tilt": 0
        },
        "21": {
            "piston": -210,
            "tip": 0.00042,
            "tilt": 0
        },
        "22": {
            "piston": -220,
            "tip": 0.00043999999999999996,
            "tilt": 0
        },
        "23": {
            "piston": -230,
            "tip": 0.00046,
            "tilt": 0
        },
        "24": {
            "piston": -240,
            "tip": 0.00048,
            "tilt": 0
        },
        "25": {
            "piston": -250,
            "tip": 0.0005,
            "tilt": 0
        },
        "26": {
            "piston": -260,
            "tip": 0.0005200000000000001,
            "tilt": 0
        },
        "27": {
            "piston": -270,
            "tip": 0.00054,
            "tilt": 0
        },
        "28": {
            "piston": -280,
            "tip": 0.0005600000000000001,
            "tilt": 0
        },
        "29": {
            "piston": -290,
            "tip": 0.00058,
            "tilt": 0
        },
        "30": {
            "piston": -300,
            "tip": 0.0006,
            "tilt": 0
        },
        "31": {
            "piston": -310,
            "tip": 0.00062,
            "tilt": 0
        },
        "32": {
            "piston": -320,
            "tip": 0.00064,
            "tilt": 0
        },
        "33": {
            "piston": -330,
            "tip": 0.00066,
            "tilt": 0
        },
        "34": {
            "piston": -340,
            "tip": 0.00068,
            "tilt": 0
        },
        "35": {
            "piston": -350,
            "tip": 0.0007000000000000001,
            "tilt": 0
        },
        "36": {
            "piston": -360,
            "tip": 0.00072,
            "tilt": 0
        },
        "37": {
            "piston": -370,
            "tip": 0.00074,
            "tilt": 0
        },
        "38": {
            "piston": -380,
            "tip": 0.0007599999999999999,
            "tilt": 0
        },
        "39": {
            "piston": -390,
            "tip": 0.00078,
            "tilt": 0
        },
        "40": {
            "piston": -400,
            "tip": 0.0008,
            "tilt": 0
        },
        "41": {
            "piston": -410,
            "tip": 0.00082,
            "tilt": 0
        },
        "42": {
            "piston": -420,
            "tip": 0.00084,
            "tilt": 0
        },
        "43": {
            "piston": -430,
            "tip": 0.0008600000000000001,
            "tilt": 0
        },
        "44": {
            "piston": -440,
            "tip": 0.0008799999999999999,
            "tilt": 0
        },
        "45": {
            "piston": -450,
            "tip": 0.0009,
            "tilt": 0
        },
        "46": {
            "piston": -460,
            "tip": 0.00092,
            "tilt": 0
        },
        "47": {
            "piston": -470,
            "tip": 0.00094,
            "tilt": 0
        },
        "48": {
            "piston": -480,
            "tip": 0.00096,
            "tilt": 0
        },
        "49": {
            "piston": -490,
            "tip": 0.00098,
            "tilt": 0
        },
        "50": {
            "piston": -500,
            "tip": 0.001,
            "tilt": 0
        },
        "51": {
            "piston": -510,
            "tip": 0.00102,
            "tilt": 0
        },
        "52": {
            "piston": -520,
            "tip": 0.0010400000000000001,
            "tilt": 0
        },
        "53": {
            "piston": -530,
            "tip": 0.00106,
            "tilt": 0
        },
        "54": {
            "piston": -540,
            "tip": 0.00108,
            "tilt": 0
        },
        "55": {
            "piston": -550,
            "tip": 0.0011,
            "tilt": 0
        },
        "56": {
            "piston": -560,
            "tip": 0.0011200000000000001,
            "tilt": 0
        },
        "57": {
            "piston": -570,
            "tip": 0.00114,
            "tilt": 0
        },
        "58": {
            "piston": -580,
            "tip": 0.00116,
            "tilt": 0
        },
        "59": {
            "piston": -590,
            "tip": 0.00118,
            "tilt": 0
        },
        "60": {
            "piston": -600,
            "tip": 0.0012,
            "tilt": 0
        },
        "61": {
            "piston": -610,
            "tip": 0.00122,
            "tilt": 0
        },
        "62": {
            "piston": -620,
            "tip": 0.00124,
            "tilt": 0
        },
        "63": {
            "piston": -630,
            "tip": 0.00126,
            "tilt": 0
        },
        "64": {
            "piston": -640,
            "tip": 0.00128,
            "tilt": 0
        },
        "65": {
            "piston": -650,
            "tip": 0.0013,
            "tilt": 0
        },
        "66": {
            "piston": -660,
            "tip": 0.00132,
            "tilt": 0
        },
        "67": {
            "piston": -670,
            "tip": 0.00134,
            "tilt": 0
        },
        "68": {
            "piston": -680,
            "tip": 0.00136,
            "tilt": 0
        },
        "69": {
            "piston": -690,
            "tip": 0.0013800000000000002,
            "tilt": 0
        },
        "70": {
            "piston": -700,
            "tip": 0.0014000000000000002,
            "tilt": 0
        },
        "71": {
            "piston": -710,
            "tip": 0.0014200000000000003,
            "tilt": 0
        },
        "72": {
            "piston": -720,
            "tip": 0.00144,
            "tilt": 0
        },
        "73": {
            "piston": -730,
            "tip": 0.00146,